stock_code,stock_name,marcap
005930,삼성전자,1555110109728000
000660,SK하이닉스,1141036486365000
402340,SK스퀘어,143702682354000
373220,LG에너지솔루션,112788000000000
005380,현대차,112616771300000
034020,두산에너빌리티,81351265542000
012450,한화에어로스페이스,73890353633000
207940,삼성바이오로직스,68510607480000
009150,삼성전기,68120650752000
329180,HD현대중공업,68014873800000
028260,삼성물산,60894452365500
000270,기아,60357849490800
032830,삼성생명,59600000000000
105560,KB금융,59245937299500
006400,삼성SDI,56248699940000
267260,HD현대일렉트릭,50069470515000
010120,LS ELECTRIC,47325000000000
006800,미래에셋증권,46891704544000
055550,신한지주,46183869325300
068270,셀트리온,43211379416700
298040,효성중공업,42864947156000
005490,POSCO홀딩스,40096212662000
042660,한화오션,39895023898800
012330,현대모비스,39241842147500
034730,SK,37701405560000
042700,한미반도체,37600662900000
010130,고려아연,36465076843000
086790,하나금융지주,34433152374000
035420,NAVER,32625348704000
009540,HD한국조선해양,32024834990000
051910,LG화학,29895857260500
000150,두산,28986964650000
015760,한국전력,28920481668850
064350,현대로템,28595280766000
010140,삼성중공업,28028000000000
003670,포스코퓨처엠,25660984470000
066570,LG전자,25231101346300
096770,SK이노베이션,24800043999600
316140,우리금융지주,23930888032000
272210,한화시스템,23085949335800
267250,HD현대,22552525767500
079550,LIG디펜스앤에어로스페이스,21538000000000
000810,삼성화재,21453110776500
017670,SK텔레콤,20512450061500
035720,카카오,20510946068500
033780,KT&G,20114283533000
011200,HMM,19383540283500
138040,메리츠금융지주,18675955666800
000720,현대건설,18228938730500
024110,기업은행,17224398770400
047810,한국항공우주,17214103896200
006260,LS,16567200000000
086280,현대글로비스,16500000000000
071050,한국금융지주,16244126668000
003550,LG,15884823255000
278470,에이피알,15798901410000
011070,LG이노텍,14957611624000
030200,KT,14743268572500
047050,포스코인터내셔널,14707145076800
010950,S-Oil,13735100624000
005940,NH투자증권,13701440988050
259960,크래프톤,13463961744000
016360,삼성증권,13350350000000
047040,대우건설,13231225943600
018260,삼성에스디에스,13154226000000
001440,대한전선,12902153160000
0126Z0,삼성에피스홀딩스,12814770235000
039490,키움증권,12707619102000
307950,현대오토에버,12093976062000
323410,카카오뱅크,11928010925000
443060,HD현대마린솔루션,11679116330000
007660,이수페타시스,11128837600400
352820,하이브,10624704378500
005830,DB손해보험,10611056538000
028050,삼성E&A,10388000000000
000880,한화,9913413411400
062040,산일전기,9781764075000
003230,삼양식품,9747721410000
003490,대한항공,9039817227550
267270,HD건설기계,9004741948600
066970,엘앤에프,8577733137500
377300,카카오페이,8561031731100
009830,한화솔루션,8268030981600
326030,SK바이오팜,7713855125000
090430,아모레퍼시픽,7604058670000
161390,한국타이어앤테크놀로지,7370566605500
180640,한진칼,7323822006300
078930,GS,7145192568200
082740,한화엔진,7051283499000
000990,DB하이텍,7047743256000
000100,유한양행,6993059367800
241560,두산밥캣,6959150319000
052690,한전기술,6956040000000
454910,두산로보틱스,6786651906000
103590,일진전기,6780862458000
032640,LG유플러스,6619356667000
064400,LG씨엔에스,6491358516000
034220,LG디스플레이,6380000000000
010060,OCI홀딩스,6301203300000
001040,CJ,6287643069000
353200,대덕전자,6196882395000
011790,SKC,6104369637600
000500,가온전선,6071323205000
029780,삼성카드,5978318775600
021240,코웨이,5887849843200
450080,에코프로머티,5870488332800
036570,NC,5633761753000
138930,BNK금융지주,5626229108290
004020,현대제철,5591378391500
128940,한미약품,5566375589500
018880,한온시스템,5552080406320
002380,KCC,5536271433000
271560,오리온,5503429574400
088980,맥쿼리인프라,5387872421250
022100,포스코DX,5252799886950
336260,두산퓨얼셀,5128158745800
175330,JB금융지주,4998132655200
088350,한화생명,4559782500000
489790,한화비전,4528808583000
004800,효성,4327395209500
011170,롯데케미칼,4311762235200
020150,롯데에너지머티리얼즈,4110688845500
051900,LG생활건강,4093407782500
251270,넷마블,3970979974950
004170,신세계,3872524210000
017800,현대엘리베이터,3791961345000
023530,롯데쇼핑,3728457909000
457190,이수스페셜티케미컬,3680658609600
012510,더존비즈온,3647378400000
111770,영원무역,3611384642000
375500,DL이앤씨,3602376301300
011780,금호석유화학,3524541232500
035250,강원랜드,3510763605000
036460,한국가스공사,3494047050000
001720,신영증권,3493500000000
097950,CJ제일제당,3462462780000
302440,SK바이오사이언스,3459933987300
071970,HD현대마린엔진,3395541649500
439260,대한조선,3332525988000
014680,한솔케미칼,3331467135000
031210,서울보증보험,3239722147200
139130,iM금융지주,3048654585340
006360,GS건설,3033863820500
383220,F&F,3007105387500
028670,팬오션,3004280657440
004990,롯데지주,2925131825600
005850,에스엘,2916967056000
007340,DN오토모티브,2896287817500
120110,코오롱인더,2862840659200
139480,이마트,2850648102700
112610,씨에스윈드,2821266860700
229640,LS에코에너지,2820551355900
012750,에스원,2789139665200
103140,풍산,2782810805400
009970,영원무역홀딩스,2740345111000
483650,달바글로벌,2701684950000
051600,한전KPS,2695500000000
204320,HL만도,2676555840000
001450,현대해상,2625646100000
001430,세아베스틸지주,2546210449000
097230,HJ중공업,2514725330400
008930,한미사이언스,2513389462500
008770,호텔신라,2507954931900
026960,동서,2502470000000
017960,한국카본,2496303150000
279570,케이뱅크,2466626518080
069960,현대백화점,2437123160100
018670,SK가스,2425397928000
322000,HD현대에너지솔루션,2391200000000
192820,코스맥스,2372047381000
009420,한올바이오파마,2348216678100
005440,현대지에프홀딩스,2346359730050
077970,STX엔진,2320558041400
000240,한국앤컴퍼니,2306926332000
004370,농심,2290114713000
007810,코리아써키트,2275950638000
000120,CJ대한통운,2274390696800
282330,BGF리테일,2231352264600
085620,미래에셋생명,2227766400000
011210,현대위아,2221838281100
030000,제일기획,2198437809750
361610,SK아이이테크놀로지,2191894280000
298020,효성티앤씨,2185479410000
023590,다우기술,2168694331200
003690,코리안리,2127721213240
005070,코스모신소재,2125732544000
002790,아모레퍼시픽홀딩스,2094954132000
003540,대신증권,2077073998600
081660,미스토홀딩스,2070581760000
161890,한국콜마,2051281191300
003530,한화투자증권,2010312651750
001120,LX인터내셔널,1932186000000
462870,시프트업,1929727786000
007070,GS리테일,1876986466750
475150,SK이터닉스,1863465118800
003570,SNT다이내믹스,1855500492600
395400,SK리츠,1815136248600
030610,교보증권,1801754413410
006040,동원산업,1673208669400
004000,롯데정밀화학,1671840000000
